1,tensor(93.2034),tensor(90.4437)
2,tensor(90.8274),tensor(84.2477)
3,tensor(81.2207),tensor(73.1102)
1,tensor(91.7982),tensor(91.7804)
4,tensor(70.9471),tensor(63.8358)
2,tensor(86.3151),tensor(82.4026)
5,tensor(62.1715),tensor(59.0819)
3,tensor(78.4435),tensor(76.0944)
6,tensor(57.1346),tensor(57.6661)
4,tensor(70.7381),tensor(71.4498)
7,tensor(55.6154),tensor(57.0032)
8,tensor(54.5841),tensor(56.9024)
5,tensor(65.5734),tensor(66.7497)
9,tensor(53.8316),tensor(56.6173)
6,tensor(60.7604),tensor(63.9219)
10,tensor(53.2412),tensor(56.3822)
7,tensor(57.6758),tensor(61.3443)
11,tensor(52.7857),tensor(56.4886)
8,tensor(54.9700),tensor(59.3497)
12,tensor(52.1675),tensor(56.2371)
13,tensor(51.7521),tensor(55.7789)
9,tensor(53.6958),tensor(58.3160)
14,tensor(51.1962),tensor(55.7093)
1,tensor(93.5575),tensor(88.4557)
10,tensor(53.1857),tensor(57.9551)
15,tensor(50.5519),tensor(55.5433)
2,tensor(91.1180),tensor(82.1726)
11,tensor(52.7872),tensor(57.7532)
16,tensor(50.0083),tensor(55.1569)
3,tensor(81.2084),tensor(73.1375)
12,tensor(52.5611),tensor(57.3985)
17,tensor(49.3488),tensor(55.0689)
4,tensor(70.7496),tensor(63.7451)
13,tensor(52.2831),tensor(57.2158)
18,tensor(48.7090),tensor(55.0744)
1,tensor(93.6290),tensor(88.2561)
5,tensor(61.8355),tensor(58.1273)
19,tensor(48.0946),tensor(54.9293)
14,tensor(52.0181),tensor(57.0331)
2,tensor(91.1131),tensor(82.5363)
20,tensor(47.4485),tensor(54.9633)
6,tensor(56.9517),tensor(56.1294)
15,tensor(51.6777),tensor(57.0791)
3,tensor(81.2762),tensor(73.5301)
21,tensor(46.8075),tensor(54.9657)
4,tensor(70.7092),tensor(67.0150)
16,tensor(51.3117),tensor(57.1565)
7,tensor(55.4955),tensor(55.7574)
22,tensor(46.1873),tensor(54.9222)
5,tensor(61.6710),tensor(63.4646)
17,tensor(50.9761),tensor(56.9662)
8,tensor(54.4765),tensor(55.2785)
23,tensor(45.7119),tensor(54.9967)
6,tensor(56.3024),tensor(61.9991)
18,tensor(50.5293),tensor(56.9080)
9,tensor(53.7296),tensor(54.7130)
24,tensor(45.1614),tensor(54.9011)
7,tensor(54.5797),tensor(61.5646)
19,tensor(50.1045),tensor(56.8414)
25,tensor(44.6985),tensor(54.8225)
10,tensor(53.0542),tensor(54.3779)
8,tensor(53.5756),tensor(61.1792)
20,tensor(49.5841),tensor(56.8037)
26,tensor(44.3181),tensor(54.7948)
11,tensor(52.5742),tensor(53.8127)
9,tensor(52.9783),tensor(60.4541)
27,tensor(43.9795),tensor(55.0189)
21,tensor(49.1120),tensor(56.6625)
12,tensor(51.9185),tensor(53.7494)
28,tensor(43.4090),tensor(54.9875)
10,tensor(52.4836),tensor(60.0011)
22,tensor(48.5352),tensor(56.4565)
29,tensor(43.0597),tensor(55.1193)
13,tensor(51.5293),tensor(53.4181)
11,tensor(52.0404),tensor(59.7502)
23,tensor(48.0320),tensor(56.4137)
14,tensor(50.9510),tensor(53.4378)
12,tensor(51.5163),tensor(59.6771)
24,tensor(47.4407),tensor(56.1976)
13,tensor(51.1184),tensor(59.4658)
15,tensor(50.3238),tensor(53.5513)
25,tensor(46.8435),tensor(56.2497)
16,tensor(49.8219),tensor(53.6082)
14,tensor(50.6476),tensor(59.3363)
26,tensor(46.1786),tensor(56.2429)
15,tensor(50.0441),tensor(59.4017)
17,tensor(49.1478),tensor(53.5408)
16,tensor(49.6004),tensor(59.2789)
27,tensor(45.5741),tensor(56.3156)
18,tensor(48.5175),tensor(53.4501)
17,tensor(48.9476),tensor(59.1316)
28,tensor(44.8933),tensor(56.4874)
19,tensor(47.8995),tensor(53.4266)
18,tensor(48.3618),tensor(59.1092)
29,tensor(44.3516),tensor(56.5624)
20,tensor(47.2873),tensor(53.3663)
19,tensor(47.7847),tensor(58.9489)
30,tensor(43.7609),tensor(56.7615)
21,tensor(46.6197),tensor(53.1998)
20,tensor(47.1017),tensor(58.7632)
31,tensor(43.2840),tensor(56.7794)
22,tensor(46.0030),tensor(53.2552)
21,tensor(46.4110),tensor(58.6538)
32,tensor(42.6858),tensor(56.9419)
23,tensor(45.4583),tensor(53.2576)
22,tensor(45.6854),tensor(58.4538)
33,tensor(42.1599),tensor(56.9875)
24,tensor(44.8732),tensor(53.4874)
23,tensor(45.1686),tensor(58.3564)
24,tensor(44.5776),tensor(58.1624)
34,tensor(41.6646),tensor(57.2008)
25,tensor(44.3189),tensor(53.5993)
25,tensor(44.0591),tensor(58.2666)
26,tensor(43.8580),tensor(53.6139)
26,tensor(43.5747),tensor(58.3143)
27,tensor(43.3457),tensor(53.9055)
27,tensor(43.2085),tensor(58.4336)
28,tensor(42.7939),tensor(53.7009)
28,tensor(42.6528),tensor(58.7575)
29,tensor(42.2565),tensor(53.7374)
29,tensor(42.1940),tensor(58.8011)
30,tensor(41.8065),tensor(53.6238)
30,tensor(41.7224),tensor(59.1095)
31,tensor(41.3280),tensor(59.2409)
31,tensor(41.3641),tensor(53.4789)
1,tensor(91.3078),tensor(93.0565)
32,tensor(40.7903),tensor(59.5895)
33,tensor(40.3082),tensor(59.6997)
2,tensor(86.2754),tensor(82.6228)
34,tensor(39.7211),tensor(59.9090)
3,tensor(78.8843),tensor(78.6507)
4,tensor(72.1078),tensor(75.1565)
5,tensor(68.1863),tensor(71.4707)
6,tensor(63.2869),tensor(68.7122)
7,tensor(59.3217),tensor(65.0029)
8,tensor(55.3642),tensor(62.7032)
9,tensor(52.8657),tensor(61.8668)
10,tensor(51.7252),tensor(61.6414)
11,tensor(51.1630),tensor(61.2615)
12,tensor(50.6850),tensor(61.1265)
13,tensor(50.2341),tensor(61.0812)
14,tensor(49.7405),tensor(61.0044)
15,tensor(49.3252),tensor(61.0711)
16,tensor(48.9034),tensor(61.0966)
17,tensor(48.5718),tensor(61.0279)
18,tensor(48.1567),tensor(60.9306)
19,tensor(47.8077),tensor(60.9210)
20,tensor(47.4336),tensor(60.8618)
21,tensor(47.0820),tensor(60.8175)
22,tensor(46.6249),tensor(60.7104)
23,tensor(46.1365),tensor(60.6210)
24,tensor(45.5693),tensor(60.7489)
25,tensor(44.9492),tensor(60.6905)
26,tensor(44.2943),tensor(60.8657)
27,tensor(43.6876),tensor(60.8059)
28,tensor(43.1072),tensor(61.1307)
29,tensor(42.5315),tensor(60.9785)
30,tensor(41.9961),tensor(61.3795)
31,tensor(41.3769),tensor(61.0169)
32,tensor(40.8654),tensor(61.4564)
1,tensor(92.2016),tensor(94.5767)
1,tensor(91.6664),tensor(96.0782)
2,tensor(91.9148),tensor(94.2601)
2,tensor(91.3907),tensor(95.7774)
3,tensor(91.4715),tensor(93.7481)
3,tensor(90.9779),tensor(95.2958)
4,tensor(90.7848),tensor(92.9931)
4,tensor(90.3419),tensor(94.5817)
5,tensor(89.8224),tensor(91.9387)
6,tensor(88.5259),tensor(90.5194)
5,tensor(89.3997),tensor(93.5770)
6,tensor(88.1666),tensor(92.2113)
7,tensor(86.7181),tensor(88.6764)
7,tensor(86.5658),tensor(90.4106)
8,tensor(84.5107),tensor(86.3828)
8,tensor(84.4698),tensor(88.1238)
9,tensor(81.9033),tensor(83.6866)
9,tensor(81.8431),tensor(85.3626)
10,tensor(78.8801),tensor(80.7798)
10,tensor(78.8601),tensor(82.2745)
11,tensor(75.7586),tensor(78.0472)
11,tensor(75.6633),tensor(79.2141)
12,tensor(73.2487),tensor(75.9413)
12,tensor(72.8341),tensor(76.6862)
13,tensor(71.3742),tensor(74.4626)
13,tensor(70.5675),tensor(74.9691)
14,tensor(70.0325),tensor(72.8544)
14,tensor(68.9334),tensor(73.5953)
15,tensor(68.4197),tensor(70.6884)
15,tensor(67.2990),tensor(71.8733)
16,tensor(66.2340),tensor(68.3379)
16,tensor(65.0261),tensor(69.8513)
17,tensor(63.7150),tensor(66.2673)
17,tensor(62.4393),tensor(67.9348)
18,tensor(61.4531),tensor(64.5328)
18,tensor(60.0429),tensor(66.3172)
19,tensor(59.5728),tensor(62.9754)
19,tensor(58.0578),tensor(64.9091)
20,tensor(57.8512),tensor(61.5283)
20,tensor(56.3868),tensor(63.6237)
21,tensor(56.2359),tensor(60.3255)
21,tensor(54.9067),tensor(62.5637)
22,tensor(54.9844),tensor(59.5458)
23,tensor(54.2280),tensor(59.1467)
22,tensor(53.7400),tensor(61.9177)
24,tensor(53.7634),tensor(58.8549)
23,tensor(53.0679),tensor(61.6334)
1,tensor(71.8277),tensor(73.6379)
1,tensor(71.4046),tensor(74.8172)
25,tensor(53.4343),tensor(58.5147)
24,tensor(52.6474),tensor(61.4030)
1,tensor(72.9724),tensor(69.6677)
1,tensor(72.6362),tensor(71.1731)
26,tensor(52.9786),tensor(58.2073)
25,tensor(52.2465),tensor(61.0853)
2,tensor(71.2529),tensor(74.6796)
2,tensor(71.6816),tensor(73.4934)
2,tensor(72.4943),tensor(71.0345)
2,tensor(72.8279),tensor(69.5376)
27,tensor(52.6512),tensor(57.9898)
26,tensor(51.7767),tensor(60.8253)
3,tensor(71.5382),tensor(73.3487)
3,tensor(71.1099),tensor(74.5413)
3,tensor(72.3517),tensor(70.8967)
3,tensor(72.6897),tensor(69.4075)
1,tensor(93.1758),tensor(91.2868)

27,tensor(51.4464),tensor(60.7148)
1,tensor(93.5561),tensor(89.3812)
1,tensor(93.6149),tensor(89.1311)
4,tensor(70.9612),tensor(74.4018)
4,tensor(71.3860),tensor(73.2028)
28,tensor(51.2781),tensor(60.7177)
29,tensor(52.3455),tensor(57.6360)
4,tensor(72.2135),tensor(70.7590)
4,tensor(72.5469),tensor(69.2771)
2,tensor(92.8965),tensor(90.9799)
2,tensor(93.2713),tensor(89.0981)
2,tensor(93.3183),tensor(88.8766)
5,tensor(70.8122),tensor(74.2604)
5,tensor(71.2414),tensor(73.0550)
29,tensor(51.1314),tensor(60.7528)
30,tensor(52.2986),tensor(57.4537)
5,tensor(72.0669),tensor(70.6200)
5,tensor(72.4009),tensor(69.1451)
3,tensor(92.8264),tensor(88.6312)
3,tensor(92.4672),tensor(90.4713)
3,tensor(92.8634),tensor(88.4507)

6,tensor(70.6591),tensor(74.1162)
6,tensor(71.0939),tensor(72.9045)
31,tensor(52.2397),tensor(57.2866)
31,tensor(51.0216),tensor(60.8063)
4,tensor(92.1274),tensor(87.9244)
6,tensor(71.9291),tensor(70.4792)
4,tensor(92.1633),tensor(87.8010)
7,tensor(70.5065),tensor(73.9685)
7,tensor(70.9387),tensor(72.7503)
32,tensor(52.2101),tensor(57.1676)
32,tensor(51.0245),tensor(60.8348)
7,tensor(72.1085),tensor(68.8735)
7,tensor(71.7828),tensor(70.3354)
5,tensor(90.8345),tensor(88.6178)
5,tensor(91.1372),tensor(86.9249)
5,tensor(91.1586),tensor(86.8792)
8,tensor(70.3506),tensor(73.8164)
33,tensor(52.0894),tensor(57.1194)
33,tensor(50.9037),tensor(60.8389)
8,tensor(70.7804),tensor(72.5919)
8,tensor(71.6319),tensor(70.1875)
8,tensor(71.9547),tensor(68.7320)
6,tensor(89.7867),tensor(85.5759)
6,tensor(89.5179),tensor(87.1534)
6,tensor(89.8101),tensor(85.6348)
34,tensor(50.7927),tensor(60.8215)
34,tensor(51.9930),tensor(57.1255)
9,tensor(70.1891),tensor(73.6593)
9,tensor(70.6227),tensor(72.4284)
35,tensor(50.7483),tensor(60.7898)
35,tensor(51.9352),tensor(57.1713)
9,tensor(71.8023),tensor(68.5858)
9,tensor(71.4788),tensor(70.0349)
7,tensor(88.0021),tensor(83.8227)
7,tensor(87.7596),tensor(85.2426)
7,tensor(87.9503),tensor(84.0191)
10,tensor(70.0268),tensor(73.4964)
10,tensor(70.4570),tensor(72.2590)
36,tensor(50.6410),tensor(60.7425)
36,tensor(51.8042),tensor(57.2278)
8,tensor(85.7177),tensor(81.6368)
8,tensor(85.5898),tensor(82.8382)
8,tensor(85.7110),tensor(82.0065)
10,tensor(71.6357),tensor(68.4341)
10,tensor(71.3195),tensor(69.8768)
37,tensor(51.7456),tensor(57.2627)
11,tensor(69.8514),tensor(73.3271)
11,tensor(70.2830),tensor(72.0831)
38,tensor(51.7284),tensor(57.2347)
9,tensor(82.9868),tensor(79.6345)
9,tensor(82.9564),tensor(79.9577)
9,tensor(83.0337),tensor(79.0565)
11,tensor(71.1534),tensor(69.7127)
11,tensor(71.4734),tensor(68.2765)
12,tensor(70.1061),tensor(71.9001)
12,tensor(69.6765),tensor(73.1507)
39,tensor(51.6008),tensor(57.1773)
10,tensor(79.9318),tensor(77.0645)
10,tensor(80.0065),tensor(76.2426)
10,tensor(80.0504),tensor(76.7467)
40,tensor(51.5259),tensor(57.1294)
12,tensor(70.9819),tensor(69.5419)
12,tensor(71.3011),tensor(68.1123)
13,tensor(69.9211),tensor(71.7093)
13,tensor(69.4871),tensor(72.9669)
41,tensor(51.3921),tensor(57.0936)
13,tensor(70.8022),tensor(69.3636)
13,tensor(71.1178),tensor(67.9411)
11,tensor(76.8534),tensor(73.5284)
11,tensor(76.6728),tensor(74.6232)
42,tensor(51.3201),tensor(57.0738)
14,tensor(69.2937),tensor(72.7751)
14,tensor(69.7267),tensor(71.5105)
43,tensor(51.2418),tensor(57.0515)
12,tensor(73.7319),tensor(72.6994)
12,tensor(73.9932),tensor(71.2422)
12,tensor(74.0504),tensor(70.7345)
14,tensor(70.6169),tensor(69.1777)
14,tensor(70.9353),tensor(67.7624)
15,tensor(69.0919),tensor(72.5750)
15,tensor(69.5285),tensor(71.3033)
13,tensor(71.7130),tensor(69.4860)
13,tensor(71.7549),tensor(68.5591)
13,tensor(71.4147),tensor(71.3481)
15,tensor(70.4225),tensor(68.9837)
15,tensor(70.7366),tensor(67.5755)
16,tensor(69.3167),tensor(71.0874)
16,tensor(68.8866),tensor(72.3663)
14,tensor(70.0149),tensor(67.6861)
14,tensor(69.9417),tensor(66.6145)
14,tensor(69.5694),tensor(70.0150)
16,tensor(70.5342),tensor(67.3805)
16,tensor(70.2212),tensor(68.7811)
17,tensor(69.1000),tensor(70.8627)
17,tensor(68.6664),tensor(72.1486)
15,tensor(67.4636),tensor(68.3294)
15,tensor(67.8652),tensor(64.5383)
15,tensor(68.0049),tensor(65.4857)
17,tensor(70.0082),tensor(68.5698)
17,tensor(70.3170),tensor(67.1770)
18,tensor(68.8728),tensor(70.6290)
18,tensor(68.4366),tensor(71.9219)
16,tensor(64.9875),tensor(66.5001)
16,tensor(65.4983),tensor(63.1447)
16,tensor(65.4407),tensor(62.4881)
19,tensor(68.6407),tensor(70.3863)
19,tensor(68.2041),tensor(71.6862)
18,tensor(69.7853),tensor(68.3495)
18,tensor(70.0998),tensor(66.9651)
17,tensor(62.3529),tensor(64.8912)
17,tensor(62.8029),tensor(60.7727)
17,tensor(62.9478),tensor(61.0343)
20,tensor(68.3952),tensor(70.1347)
19,tensor(69.5526),tensor(68.1206)
20,tensor(67.9584),tensor(71.4417)
19,tensor(69.8614),tensor(66.7450)
18,tensor(60.6874),tensor(59.2893)
18,tensor(60.5737),tensor(59.4366)
18,tensor(60.0771),tensor(63.5921)
21,tensor(67.7009),tensor(71.1884)
21,tensor(68.1385),tensor(69.8743)
20,tensor(69.3161),tensor(67.8828)
20,tensor(69.6170),tensor(66.5163)
19,tensor(58.6386),tensor(58.3913)
19,tensor(58.8923),tensor(57.8455)
19,tensor(58.1178),tensor(62.5493)
22,tensor(67.8819),tensor(69.6056)
22,tensor(67.4381),tensor(70.9265)
21,tensor(69.3809),tensor(66.2789)
21,tensor(69.0785),tensor(67.6364)
20,tensor(57.1068),tensor(57.6255)
20,tensor(57.4053),tensor(56.6578)
20,tensor(56.5632),tensor(61.7701)
23,tensor(67.6128),tensor(69.3290)
23,tensor(67.1739),tensor(70.6566)
22,tensor(69.1152),tensor(66.0332)
22,tensor(68.8083),tensor(67.3815)
21,tensor(56.2338),tensor(55.7972)
21,tensor(55.8892),tensor(57.1981)
21,tensor(55.2482),tensor(61.3124)
24,tensor(66.8850),tensor(70.3789)
24,tensor(67.3320),tensor(69.0446)
23,tensor(68.5438),tensor(67.1183)
23,tensor(68.8494),tensor(65.7797)
22,tensor(55.0864),tensor(57.0228)
22,tensor(54.3883),tensor(61.1201)
22,tensor(55.3932),tensor(55.2470)
25,tensor(67.0508),tensor(68.7531)
25,tensor(66.6008),tensor(70.0935)
24,tensor(68.2769),tensor(66.8471)
24,tensor(68.5783),tensor(65.5189)
23,tensor(54.5483),tensor(56.8450)
23,tensor(54.8527),tensor(54.8493)
23,tensor(53.8049),tensor(60.9882)
26,tensor(66.7572),tensor(68.4549)
26,tensor(66.3054),tensor(69.8010)
25,tensor(67.9855),tensor(66.5682)
25,tensor(68.2892),tensor(65.2511)
24,tensor(53.3976),tensor(60.7383)
24,tensor(54.1674),tensor(56.5355)
24,tensor(54.4441),tensor(54.4458)
27,tensor(66.0001),tensor(69.5023)
27,tensor(66.4623),tensor(68.1504)
26,tensor(67.9943),tensor(64.9764)
26,tensor(67.7013),tensor(66.2821)
25,tensor(53.6654),tensor(56.1990)
25,tensor(53.9927),tensor(54.0804)
28,tensor(66.1609),tensor(67.8405)
28,tensor(65.6909),tensor(69.1978)
26,tensor(52.4655),tensor(60.1208)
27,tensor(67.3983),tensor(65.9894)
27,tensor(67.6992),tensor(64.6955)
26,tensor(53.2350),tensor(55.9527)
26,tensor(53.5043),tensor(53.8511)
29,tensor(65.8550),tensor(67.5258)
29,tensor(65.3811),tensor(68.8887)
27,tensor(52.0926),tensor(59.9376)
27,tensor(52.8936),tensor(55.7884)
27,tensor(53.2146),tensor(53.7470)
28,tensor(67.3944),tensor(64.4086)
28,tensor(67.0900),tensor(65.6910)
30,tensor(65.5421),tensor(67.2073)
30,tensor(65.0594),tensor(68.5758)
28,tensor(53.0545),tensor(53.6935)
28,tensor(51.9830),tensor(59.8244)
28,tensor(52.8435),tensor(55.6377)
29,tensor(66.7929),tensor(65.3870)
29,tensor(67.0757),tensor(64.1165)
31,tensor(65.2209),tensor(66.8858)
31,tensor(64.7354),tensor(68.2599)
29,tensor(51.9116),tensor(59.7431)
29,tensor(53.0006),tensor(53.6537)
29,tensor(52.7785),tensor(55.4924)
30,tensor(66.7578),tensor(63.8195)
30,tensor(66.4658),tensor(65.0785)
30,tensor(52.9861),tensor(53.6420)
32,tensor(64.4120),tensor(67.9419)
32,tensor(64.9006),tensor(66.5618)
30,tensor(51.7959),tensor(59.6791)
30,tensor(52.6852),tensor(55.3644)
31,tensor(66.4306),tensor(63.5201)
31,tensor(66.1479),tensor(64.7660)
31,tensor(52.8561),tensor(53.6587)
31,tensor(51.6928),tensor(59.6169)
33,tensor(64.5803),tensor(66.2359)
33,tensor(64.0766),tensor(67.6226)
31,tensor(52.5881),tensor(55.2617)
32,tensor(52.7980),tensor(53.6887)
32,tensor(66.1154),tensor(63.2173)
32,tensor(65.8300),tensor(64.4496)
32,tensor(51.6541),tensor(59.5379)
32,tensor(52.5136),tensor(55.1903)
34,tensor(64.2599),tensor(65.9092)
34,tensor(63.7517),tensor(67.3029)
33,tensor(52.7360),tensor(53.7232)
33,tensor(51.5842),tensor(59.4614)
33,tensor(65.4936),tensor(64.1311)
33,tensor(65.7828),tensor(62.9123)
33,tensor(52.4248),tensor(55.1577)
35,tensor(63.9364),tensor(65.5826)
35,tensor(63.4227),tensor(66.9833)
34,tensor(52.6603),tensor(53.7582)
34,tensor(51.5147),tensor(59.4092)
34,tensor(65.4545),tensor(62.6059)
34,tensor(65.1714),tensor(63.8109)
36,tensor(63.0992),tensor(66.6647)
36,tensor(63.6171),tensor(65.2572)
35,tensor(52.5656),tensor(53.7686)
35,tensor(51.4469),tensor(59.3756)
35,tensor(52.3058),tensor(55.1421)
35,tensor(65.1255),tensor(62.2991)
35,tensor(64.8371),tensor(63.4902)
36,tensor(52.5140),tensor(53.7229)
37,tensor(62.7595),tensor(66.3485)
37,tensor(63.2923),tensor(64.9340)
36,tensor(51.3600),tensor(59.3681)
36,tensor(52.1921),tensor(55.1061)
37,tensor(52.3958),tensor(53.6386)
36,tensor(64.5111),tensor(63.1697)
36,tensor(64.7960),tensor(61.9929)
38,tensor(62.9755),tensor(64.6137)
38,tensor(62.4342),tensor(66.0356)
37,tensor(51.2380),tensor(59.3660)
37,tensor(52.0921),tensor(55.0640)
38,tensor(52.3345),tensor(53.5469)
37,tensor(64.1823),tensor(62.8510)
37,tensor(64.4518),tensor(61.6874)
39,tensor(62.1100),tensor(65.7268)
39,tensor(62.6586),tensor(64.2967)
39,tensor(51.1029),tensor(59.3687)
39,tensor(51.9330),tensor(55.0227)
38,tensor(64.1208),tensor(61.3844)
38,tensor(63.8484),tensor(62.5344)
40,tensor(62.3487),tensor(63.9834)
40,tensor(61.7954),tensor(65.4234)
40,tensor(50.9896),tensor(59.3479)
40,tensor(51.8118),tensor(55.0460)
41,tensor(62.0405),tensor(63.6752)
41,tensor(61.4767),tensor(65.1251)
39,tensor(63.5297),tensor(62.2208)
39,tensor(63.7973),tensor(61.0828)
41,tensor(50.9227),tensor(59.3286)
41,tensor(51.7584),tensor(55.0705)
42,tensor(61.7345),tensor(63.3729)
42,tensor(61.1681),tensor(64.8329)
42,tensor(50.8276),tensor(59.3187)
40,tensor(63.4705),tensor(60.7846)
40,tensor(63.2053),tensor(61.9106)
42,tensor(51.6446),tensor(55.0837)
43,tensor(50.7884),tensor(59.3213)
43,tensor(61.4411),tensor(63.0770)
43,tensor(60.8598),tensor(64.5474)
43,tensor(51.5597),tensor(55.0706)
41,tensor(62.8857),tensor(61.6035)
41,tensor(63.1412),tensor(60.4911)
44,tensor(50.6291),tensor(59.3337)
44,tensor(51.4011),tensor(55.0412)
44,tensor(61.1468),tensor(62.7886)
44,tensor(60.5654),tensor(64.2702)
42,tensor(62.8219),tensor(60.2038)
42,tensor(62.5601),tensor(61.3025)
45,tensor(50.4712),tensor(59.3395)
45,tensor(51.2317),tensor(55.0001)
45,tensor(60.8658),tensor(62.5081)
45,tensor(60.2718),tensor(64.0016)
43,tensor(62.2739),tensor(61.0076)
43,tensor(62.5118),tensor(59.9221)
46,tensor(51.1439),tensor(54.9491)
46,tensor(60.5913),tensor(62.2365)
46,tensor(59.9928),tensor(63.7414)
47,tensor(50.9175),tensor(54.8835)
44,tensor(62.1969),tensor(59.6466)
44,tensor(61.9551),tensor(60.7178)
47,tensor(59.7101),tensor(63.4906)
47,tensor(60.3209),tensor(61.9742)
45,tensor(61.6689),tensor(60.4346)
45,tensor(61.8977),tensor(59.3786)
49,tensor(50.5305),tensor(54.7357)
48,tensor(59.4486),tensor(63.2493)
48,tensor(60.0644),tensor(61.7210)
46,tensor(61.3846),tensor(60.1589)
46,tensor(61.6198),tensor(59.1182)
50,tensor(50.3132),tensor(54.6439)
49,tensor(59.1914),tensor(63.0183)
49,tensor(59.8106),tensor(61.4772)
47,tensor(61.0987),tensor(59.8907)
47,tensor(61.3272),tensor(58.8658)
51,tensor(50.0753),tensor(54.5478)
50,tensor(58.9441),tensor(62.7973)
50,tensor(59.5703),tensor(61.2432)
48,tensor(60.8314),tensor(59.6315)
48,tensor(61.0498),tensor(58.6224)
51,tensor(58.6956),tensor(62.5862)
51,tensor(59.3331),tensor(61.0191)
49,tensor(60.5745),tensor(59.3819)
53,tensor(49.4688),tensor(54.4010)
49,tensor(60.7736),tensor(58.3880)
52,tensor(58.4725),tensor(62.3854)
52,tensor(59.1050),tensor(60.8051)
54,tensor(49.1256),tensor(54.3327)
50,tensor(60.3061),tensor(59.1408)
50,tensor(60.5231),tensor(58.1633)
53,tensor(58.2540),tensor(62.1947)
53,tensor(58.8866),tensor(60.6009)
55,tensor(48.7662),tensor(54.2664)
51,tensor(60.0671),tensor(58.9077)
51,tensor(60.2632),tensor(57.9496)
54,tensor(58.0419),tensor(62.0144)
54,tensor(58.6834),tensor(60.4070)
56,tensor(48.3596),tensor(54.2042)
52,tensor(60.0203),tensor(57.7459)
52,tensor(59.8260),tensor(58.6836)
57,tensor(47.9074),tensor(54.1065)
55,tensor(58.4869),tensor(60.2227)
55,tensor(57.8408),tensor(61.8444)
53,tensor(59.7883),tensor(57.5510)
53,tensor(59.6005),tensor(58.4697)
58,tensor(47.4305),tensor(53.9810)
56,tensor(57.6507),tensor(61.6849)
56,tensor(58.2999),tensor(60.0482)
54,tensor(59.3803),tensor(58.2660)
54,tensor(59.5576),tensor(57.3661)
59,tensor(46.9649),tensor(53.8551)
57,tensor(58.1207),tensor(59.8835)
57,tensor(57.4687),tensor(61.5355)
55,tensor(59.1807),tensor(58.0726)
55,tensor(59.3418),tensor(57.1905)
60,tensor(46.4454),tensor(53.7857)
58,tensor(57.2926),tensor(61.3957)
58,tensor(57.9520),tensor(59.7283)
61,tensor(45.9295),tensor(53.7288)
56,tensor(58.9742),tensor(57.8884)
56,tensor(59.1396),tensor(57.0247)
59,tensor(57.1250),tensor(61.2653)
59,tensor(57.7866),tensor(59.5824)
62,tensor(45.3750),tensor(53.6687)
57,tensor(58.7905),tensor(57.7133)
57,tensor(58.9469),tensor(56.8680)
60,tensor(56.9692),tensor(61.1438)
60,tensor(57.6348),tensor(59.4455)
63,tensor(44.8800),tensor(53.5920)
58,tensor(58.6187),tensor(57.5464)
58,tensor(58.7634),tensor(56.7201)
61,tensor(57.4942),tensor(59.3166)
61,tensor(56.8160),tensor(61.0312)
64,tensor(44.4104),tensor(53.4866)
59,tensor(58.5787),tensor(56.5815)
62,tensor(57.3551),tensor(59.1958)
62,tensor(56.6786),tensor(60.9273)
59,tensor(58.4406),tensor(57.3876)
65,tensor(43.8483),tensor(53.3751)
60,tensor(58.4206),tensor(56.4534)
63,tensor(57.2270),tensor(59.0834)
63,tensor(56.5446),tensor(60.8316)
60,tensor(58.2783),tensor(57.2382)
66,tensor(43.5234),tensor(53.2939)
61,tensor(58.2620),tensor(56.3336)
64,tensor(56.4196),tensor(60.7440)
64,tensor(57.1080),tensor(58.9788)
61,tensor(58.1289),tensor(57.0977)
67,tensor(43.0989),tensor(53.2621)
65,tensor(56.2971),tensor(60.6639)
65,tensor(56.9889),tensor(58.8815)
62,tensor(58.1118),tensor(56.2217)
62,tensor(57.9805),tensor(56.9665)
68,tensor(42.6198),tensor(53.2253)
69,tensor(42.2432),tensor(53.1710)
63,tensor(57.8355),tensor(56.8440)
66,tensor(56.1849),tensor(60.5911)
66,tensor(56.8865),tensor(58.7911)
70,tensor(41.9020),tensor(53.0938)
64,tensor(57.8302),tensor(56.0226)
64,tensor(57.7098),tensor(56.7291)
67,tensor(56.7851),tensor(58.7073)
67,tensor(56.0775),tensor(60.5248)
71,tensor(41.5599),tensor(53.0227)
65,tensor(57.5847),tensor(56.6222)
68,tensor(56.6910),tensor(58.6299)
68,tensor(55.9803),tensor(60.4649)
65,tensor(57.7097),tensor(55.9343)
72,tensor(41.1226),tensor(52.9889)
69,tensor(55.8884),tensor(60.4109)
66,tensor(57.4714),tensor(56.5232)
66,tensor(57.5829),tensor(55.8526)
69,tensor(56.6059),tensor(58.5583)
73,tensor(40.7008),tensor(52.9543)
70,tensor(55.7956),tensor(60.3625)
67,tensor(57.4815),tensor(55.7781)
67,tensor(57.3654),tensor(56.4315)
70,tensor(56.5203),tensor(58.4925)
74,tensor(40.5485),tensor(52.8964)
71,tensor(55.7137),tensor(60.3193)
71,tensor(56.4417),tensor(58.4322)
68,tensor(57.2705),tensor(56.3463)
68,tensor(57.3730),tensor(55.7099)
75,tensor(40.0670),tensor(52.7783)
72,tensor(55.6317),tensor(60.2811)
69,tensor(57.1709),tensor(56.2673)
69,tensor(57.2708),tensor(55.6475)
72,tensor(56.3699),tensor(58.3769)
76,tensor(39.7317),tensor(52.6386)
73,tensor(55.5585),tensor(60.2478)
70,tensor(57.1753),tensor(55.5907)
73,tensor(56.3033),tensor(58.3262)
70,tensor(57.0864),tensor(56.1948)
77,tensor(39.3802),tensor(52.6280)
74,tensor(55.4917),tensor(60.2190)
74,tensor(56.2395),tensor(58.2801)
71,tensor(57.0039),tensor(56.1280)
71,tensor(57.0950),tensor(55.5392)
78,tensor(38.9624),tensor(52.6566)
75,tensor(55.4224),tensor(60.1943)
72,tensor(56.9232),tensor(56.0660)
72,tensor(57.0097),tensor(55.4929)
75,tensor(56.1800),tensor(58.2383)
79,tensor(38.6336),tensor(52.5981)
76,tensor(55.3654),tensor(60.1733)
80,tensor(38.3100),tensor(52.5089)
73,tensor(56.9381),tensor(55.4515)
73,tensor(56.8474),tensor(56.0096)
77,tensor(55.3034),tensor(60.1557)
81,tensor(37.9053),tensor(52.4144)
77,tensor(56.0778),tensor(58.1662)
74,tensor(56.8691),tensor(55.4145)
74,tensor(56.7799),tensor(55.9583)
78,tensor(55.2503),tensor(60.1413)
78,tensor(56.0306),tensor(58.1352)
82,tensor(37.5320),tensor(52.4003)
75,tensor(56.7110),tensor(55.9118)
75,tensor(56.8026),tensor(55.3814)
79,tensor(55.1989),tensor(60.1299)
79,tensor(55.9859),tensor(58.1072)
83,tensor(37.1002),tensor(52.5168)
76,tensor(56.7383),tensor(55.3522)
76,tensor(56.6520),tensor(55.8698)
80,tensor(55.1523),tensor(60.1213)
84,tensor(36.8031),tensor(52.4850)
80,tensor(55.9421),tensor(58.0820)
77,tensor(56.6838),tensor(55.3265)
77,tensor(56.6049),tensor(55.8320)
81,tensor(55.1082),tensor(60.1155)
85,tensor(36.2985),tensor(52.3498)
81,tensor(55.9061),tensor(58.0593)
78,tensor(56.6329),tensor(55.3038)
78,tensor(56.5553),tensor(55.7981)
86,tensor(36.0131),tensor(52.2993)
82,tensor(55.0671),tensor(60.1122)
82,tensor(55.8695),tensor(58.0389)
79,tensor(56.5787),tensor(55.2837)
79,tensor(56.5056),tensor(55.7677)
87,tensor(35.5778),tensor(52.3047)
83,tensor(55.0252),tensor(60.1112)
83,tensor(55.8385),tensor(58.0205)
80,tensor(56.5465),tensor(55.2659)
80,tensor(56.4593),tensor(55.7406)
88,tensor(35.2379),tensor(52.2278)
84,tensor(55.8084),tensor(58.0039)
81,tensor(56.4974),tensor(55.2506)
81,tensor(56.4165),tensor(55.7165)
89,tensor(34.8011),tensor(52.1593)
85,tensor(55.7806),tensor(57.9891)
82,tensor(56.4512),tensor(55.2377)
82,tensor(56.3785),tensor(55.6953)
90,tensor(34.5954),tensor(52.1553)
86,tensor(55.7525),tensor(57.9762)
83,tensor(56.4215),tensor(55.2267)
83,tensor(56.3417),tensor(55.6767)
87,tensor(55.7293),tensor(57.9649)
92,tensor(33.6722),tensor(52.1624)
84,tensor(56.3096),tensor(55.6602)
84,tensor(56.3829),tensor(55.2176)
1,tensor(72.9877),tensor(69.4602)
1,tensor(96.5227),tensor(119.1290)
93,tensor(33.3189),tensor(52.1087)
89,tensor(55.6837),tensor(57.9467)
85,tensor(56.2768),tensor(55.6457)
85,tensor(56.3520),tensor(55.2100)
94,tensor(32.9430),tensor(52.0558)
90,tensor(55.6665),tensor(57.9394)
2,tensor(79.9848),tensor(139.7666)
2,tensor(72.8391),tensor(69.3406)
86,tensor(56.3271),tensor(55.2040)
86,tensor(56.2512),tensor(55.6332)
91,tensor(55.6479),tensor(57.9333)
95,tensor(32.5838),tensor(52.0186)
3,tensor(87.4800),tensor(112.9233)
3,tensor(72.6939),tensor(69.2212)
87,tensor(56.3017),tensor(55.1992)
87,tensor(56.2245),tensor(55.6226)
92,tensor(55.6322),tensor(57.9279)
96,tensor(32.2001),tensor(52.0654)
4,tensor(75.3707),tensor(107.9991)
88,tensor(56.1971),tensor(55.6136)
88,tensor(56.2688),tensor(55.1956)
4,tensor(72.5518),tensor(69.1015)
97,tensor(31.6776),tensor(52.0686)
93,tensor(55.6177),tensor(57.9234)
89,tensor(56.2468),tensor(55.1930)
89,tensor(56.1738),tensor(55.6057)
5,tensor(72.4020),tensor(68.9804)
5,tensor(68.7180),tensor(104.3310)
98,tensor(31.3986),tensor(52.0489)
94,tensor(55.6020),tensor(57.9197)
99,tensor(30.9324),tensor(51.9243)
90,tensor(56.1485),tensor(55.5990)
90,tensor(56.2239),tensor(55.1912)
95,tensor(55.5896),tensor(57.9168)
6,tensor(72.2585),tensor(68.8576)
6,tensor(61.8377),tensor(97.1211)
100,tensor(30.6683),tensor(51.9044)
96,tensor(55.5761),tensor(57.9147)
91,tensor(56.2023),tensor(55.1905)
7,tensor(72.1070),tensor(68.7322)
7,tensor(59.6549),tensor(93.4114)
97,tensor(55.5648),tensor(57.9130)
101,tensor(30.4620),tensor(51.9672)
8,tensor(71.9524),tensor(68.6033)
8,tensor(55.8220),tensor(93.2837)
98,tensor(55.5531),tensor(57.9121)
102,tensor(29.9224),tensor(52.0326)
9,tensor(71.7953),tensor(68.4701)
9,tensor(55.4433),tensor(92.5272)
103,tensor(29.7618),tensor(51.9917)
10,tensor(71.6314),tensor(68.3319)
10,tensor(55.3011),tensor(94.4583)

11,tensor(71.4615),tensor(68.1882)
11,tensor(54.0022),tensor(92.0120)
105,tensor(28.9831),tensor(51.8989)
12,tensor(71.2825),tensor(68.0384)
106,tensor(28.5120),tensor(51.9185)
12,tensor(52.8680),tensor(91.0216)
13,tensor(71.0997),tensor(67.8822)

13,tensor(51.9481),tensor(92.0542)
108,tensor(27.8622),tensor(52.0480)
14,tensor(70.9112),tensor(67.7189)
14,tensor(51.0325),tensor(90.4585)
109,tensor(27.4963),tensor(52.0409)
110,tensor(27.2803),tensor(51.9684)
15,tensor(70.7084),tensor(67.5486)
15,tensor(49.9305),tensor(90.1781)
16,tensor(70.5035),tensor(67.3710)
16,tensor(49.2242),tensor(89.9367)
17,tensor(70.2856),tensor(67.1857)
17,tensor(48.9593),tensor(90.2085)
18,tensor(48.1237),tensor(88.4361)
18,tensor(70.0606),tensor(66.9926)
19,tensor(47.5270),tensor(89.5279)
19,tensor(69.8266),tensor(66.7917)
20,tensor(47.0603),tensor(88.6850)
20,tensor(69.5815),tensor(66.5832)
21,tensor(46.6811),tensor(89.5550)
21,tensor(69.3354),tensor(66.3666)
22,tensor(46.1689),tensor(89.5442)
23,tensor(45.7007),tensor(89.5207)
22,tensor(69.0615),tensor(66.1424)
24,tensor(45.4638),tensor(89.6653)
23,tensor(68.7920),tensor(65.9109)
25,tensor(44.9003),tensor(88.9863)
24,tensor(68.5274),tensor(65.6730)
26,tensor(44.5207),tensor(89.9522)
25,tensor(68.2311),tensor(65.4291)
27,tensor(44.2502),tensor(89.6049)
28,tensor(43.8769),tensor(89.2112)
26,tensor(67.9337),tensor(65.1803)
27,tensor(67.6251),tensor(64.9258)
28,tensor(67.3152),tensor(64.6658)
29,tensor(67.0076),tensor(64.4016)
30,tensor(66.6828),tensor(64.1345)
31,tensor(66.3588),tensor(63.8650)
32,tensor(66.0239),tensor(63.5929)
33,tensor(65.6882),tensor(63.3191)
34,tensor(65.3518),tensor(63.0441)
35,tensor(65.0127),tensor(62.7696)
36,tensor(64.6795),tensor(62.4961)
37,tensor(64.3422),tensor(62.2252)
38,tensor(64.0006),tensor(61.9579)
39,tensor(63.6665),tensor(61.6943)
40,tensor(63.3328),tensor(61.4355)
41,tensor(63.0055),tensor(61.1829)
42,tensor(62.6701),tensor(60.9354)
43,tensor(62.3706),tensor(60.6928)
44,tensor(62.0294),tensor(60.4568)
45,tensor(61.7319),tensor(60.2281)
46,tensor(61.4350),tensor(60.0077)
47,tensor(61.1330),tensor(59.7953)
1,tensor(98.6419),tensor(137.1346)
48,tensor(60.8534),tensor(59.5913)
2,tensor(79.4973),tensor(139.9485)
49,tensor(60.5777),tensor(59.3964)
3,tensor(73.5504),tensor(123.4452)
50,tensor(60.2975),tensor(59.2116)
51,tensor(60.0419),tensor(59.0371)
52,tensor(59.7904),tensor(58.8728)
5,tensor(60.8498),tensor(107.0736)
53,tensor(59.5443),tensor(58.7188)
6,tensor(56.8838),tensor(98.1029)
54,tensor(59.3102),tensor(58.5741)
7,tensor(54.0163),tensor(99.0516)
55,tensor(59.0922),tensor(58.4387)
8,tensor(54.7570),tensor(97.8130)
56,tensor(58.8697),tensor(58.3128)
57,tensor(58.6666),tensor(58.1966)
9,tensor(53.0842),tensor(95.0262)
10,tensor(51.4882),tensor(95.9838)
59,tensor(58.2851),tensor(57.9928)
11,tensor(50.4915),tensor(95.1303)
60,tensor(58.1055),tensor(57.9043)
12,tensor(50.1360),tensor(94.7458)
61,tensor(57.9389),tensor(57.8247)
13,tensor(49.0733),tensor(93.2956)
62,tensor(57.7728),tensor(57.7531)
14,tensor(48.1517),tensor(93.9174)
63,tensor(57.6155),tensor(57.6889)
15,tensor(47.7209),tensor(92.9700)
64,tensor(57.4755),tensor(57.6322)
16,tensor(47.2182),tensor(93.4796)
65,tensor(57.3445),tensor(57.5832)
17,tensor(46.4401),tensor(91.8631)
66,tensor(57.2106),tensor(57.5410)
18,tensor(46.1922),tensor(92.2107)
67,tensor(57.0923),tensor(57.5051)
19,tensor(45.5540),tensor(92.5245)
68,tensor(56.9863),tensor(57.4747)
20,tensor(44.9187),tensor(92.3733)
69,tensor(56.8741),tensor(57.4498)
21,tensor(44.5434),tensor(92.9113)
70,tensor(56.7788),tensor(57.4296)
71,tensor(56.6817),tensor(57.4141)
22,tensor(43.9369),tensor(92.6387)
72,tensor(56.5892),tensor(57.4029)
23,tensor(43.4876),tensor(93.1044)
73,tensor(56.5074),tensor(57.3954)
24,tensor(43.1041),tensor(93.3138)
74,tensor(56.4299),tensor(57.3917)
25,tensor(42.6997),tensor(93.4021)
75,tensor(56.3556),tensor(57.3910)
26,tensor(42.1794),tensor(93.5230)
76,tensor(56.2860),tensor(57.3930)
27,tensor(41.7985),tensor(93.4616)
77,tensor(56.2290),tensor(57.3976)
78,tensor(56.1740),tensor(57.4046)
1,tensor(103.6410),tensor(154.8659)
2,tensor(89.4263),tensor(103.1625)
3,tensor(62.3914),tensor(101.6266)
4,tensor(61.0414),tensor(94.3820)
5,tensor(56.6907),tensor(95.9516)
6,tensor(58.0299),tensor(98.2261)
7,tensor(56.6539),tensor(93.1568)
8,tensor(55.7075),tensor(91.5984)
9,tensor(53.9348),tensor(92.8887)
10,tensor(53.5918),tensor(91.1589)
11,tensor(52.6694),tensor(91.9238)
12,tensor(52.2222),tensor(90.5849)
13,tensor(51.5254),tensor(91.9408)
14,tensor(51.2924),tensor(90.6717)
15,tensor(51.0646),tensor(90.8484)
16,tensor(50.5596),tensor(91.2780)
17,tensor(50.1785),tensor(89.7283)
18,tensor(49.6086),tensor(90.1469)
19,tensor(49.2948),tensor(89.6240)
20,tensor(49.0257),tensor(90.6447)
21,tensor(48.7141),tensor(89.5981)
22,tensor(48.3312),tensor(88.8346)
23,tensor(48.0342),tensor(89.7711)
24,tensor(47.6873),tensor(88.8944)
25,tensor(47.3141),tensor(89.2625)
26,tensor(47.0921),tensor(89.1417)
27,tensor(46.8560),tensor(89.0912)
28,tensor(46.4051),tensor(89.5137)
29,tensor(46.0609),tensor(88.7450)
30,tensor(45.8934),tensor(89.2300)
31,tensor(45.5133),tensor(89.8717)
32,tensor(45.3097),tensor(88.9659)
1,tensor(113.4474),tensor(130.5025)
2,tensor(84.8005),tensor(101.9993)
3,tensor(68.4352),tensor(88.8895)
4,tensor(62.6063),tensor(88.5731)
5,tensor(57.9237),tensor(93.8207)
6,tensor(58.4516),tensor(86.8244)
7,tensor(58.7099),tensor(89.6107)
8,tensor(56.7345),tensor(85.1818)
9,tensor(56.0391),tensor(85.7006)
10,tensor(55.0066),tensor(86.4180)
11,tensor(54.1149),tensor(83.0599)
12,tensor(53.5406),tensor(85.8648)
13,tensor(52.8665),tensor(84.5852)
14,tensor(52.4377),tensor(83.1774)
1,tensor(111.1962),tensor(135.9272)
15,tensor(52.0498),tensor(83.7256)
2,tensor(82.9936),tensor(97.0021)
16,tensor(51.5065),tensor(83.3755)
3,tensor(63.6377),tensor(95.1506)
17,tensor(51.1522),tensor(82.5326)
4,tensor(60.3236),tensor(86.8010)
18,tensor(50.6192),tensor(82.8598)
19,tensor(50.0869),tensor(82.3795)
5,tensor(57.8615),tensor(89.9595)
20,tensor(49.6373),tensor(82.5815)
6,tensor(57.5472),tensor(88.0226)
21,tensor(49.3854),tensor(83.2960)
7,tensor(57.8499),tensor(88.7900)
22,tensor(48.9343),tensor(83.1450)
8,tensor(56.8815),tensor(86.3408)
23,tensor(48.5693),tensor(82.6857)
24,tensor(48.1565),tensor(83.7914)
9,tensor(55.3845),tensor(86.7630)
25,tensor(47.9041),tensor(83.6322)
10,tensor(54.7886),tensor(85.6794)
26,tensor(47.4587),tensor(83.8877)
11,tensor(53.8587),tensor(86.2201)
27,tensor(47.0710),tensor(84.3101)
28,tensor(46.6682),tensor(83.7758)
12,tensor(53.5380),tensor(84.8478)
29,tensor(46.3021),tensor(83.7970)
13,tensor(52.5887),tensor(84.7127)
14,tensor(52.1693),tensor(84.4501)
15,tensor(51.7852),tensor(84.1781)
16,tensor(51.3117),tensor(84.4274)
17,tensor(51.0520),tensor(84.5931)
18,tensor(50.5658),tensor(83.7491)
19,tensor(50.1956),tensor(84.0916)
20,tensor(49.7411),tensor(84.5795)
21,tensor(49.2558),tensor(84.3868)
22,tensor(48.8104),tensor(84.2074)
23,tensor(48.3317),tensor(84.4640)
24,tensor(47.8908),tensor(84.2390)
25,tensor(47.4402),tensor(84.6349)
26,tensor(46.9883),tensor(84.6712)
27,tensor(46.6485),tensor(84.7227)
28,tensor(46.3030),tensor(84.8192)
1,tensor(93.8535),tensor(141.7871)
2,tensor(93.8348),tensor(141.7685)
3,tensor(93.8244),tensor(141.7500)
4,tensor(93.8061),tensor(141.7315)
5,tensor(93.7923),tensor(141.7130)
6,tensor(93.7778),tensor(141.6945)
7,tensor(93.7598),tensor(141.6761)
8,tensor(93.7415),tensor(141.6577)
9,tensor(93.7266),tensor(141.6393)
10,tensor(93.7153),tensor(141.6208)
11,tensor(93.7019),tensor(141.6024)
12,tensor(93.6791),tensor(141.5840)
13,tensor(93.6690),tensor(141.5656)
14,tensor(93.6570),tensor(141.5471)
15,tensor(93.6394),tensor(141.5286)
16,tensor(93.6205),tensor(141.5101)
17,tensor(93.6038),tensor(141.4915)
18,tensor(93.5955),tensor(141.4729)
19,tensor(93.5748),tensor(141.4543)
20,tensor(93.5607),tensor(141.4357)
21,tensor(93.5478),tensor(141.4170)
22,tensor(93.5276),tensor(141.3984)
23,tensor(93.5181),tensor(141.3797)
24,tensor(93.5010),tensor(141.3609)
25,tensor(93.4843),tensor(141.3421)
26,tensor(93.4673),tensor(141.3232)
27,tensor(93.4570),tensor(141.3042)
28,tensor(93.4354),tensor(141.2852)
29,tensor(93.4116),tensor(141.2661)
30,tensor(93.4039),tensor(141.2470)
31,tensor(93.3916),tensor(141.2279)
32,tensor(93.3630),tensor(141.2086)
33,tensor(93.3552),tensor(141.1893)
34,tensor(93.3382),tensor(141.1700)
35,tensor(93.3158),tensor(141.1506)
36,tensor(93.3014),tensor(141.1312)
37,tensor(93.2797),tensor(141.1117)
38,tensor(93.2659),tensor(141.0921)
39,tensor(93.2489),tensor(141.0725)
40,tensor(93.2306),tensor(141.0527)
41,tensor(93.2122),tensor(141.0329)
42,tensor(93.1964),tensor(141.0130)
43,tensor(93.1750),tensor(140.9930)
44,tensor(93.1494),tensor(140.9730)
45,tensor(93.1381),tensor(140.9530)
46,tensor(93.1197),tensor(140.9330)
47,tensor(93.0967),tensor(140.9128)
48,tensor(93.0849),tensor(140.8925)
49,tensor(93.0620),tensor(140.8721)
50,tensor(93.0478),tensor(140.8515)
51,tensor(93.0250),tensor(140.8308)
52,tensor(93.0060),tensor(140.8100)
53,tensor(92.9760),tensor(140.7892)
54,tensor(92.9630),tensor(140.7682)
55,tensor(92.9371),tensor(140.7472)
56,tensor(92.9219),tensor(140.7261)
57,tensor(92.9043),tensor(140.7048)
58,tensor(92.8854),tensor(140.6834)
59,tensor(92.8560),tensor(140.6618)
60,tensor(92.8376),tensor(140.6403)
61,tensor(92.8139),tensor(140.6185)
62,tensor(92.7936),tensor(140.5968)
63,tensor(92.7725),tensor(140.5750)
64,tensor(92.7507),tensor(140.5531)
65,tensor(92.7262),tensor(140.5311)
66,tensor(92.7049),tensor(140.5091)
67,tensor(92.6703),tensor(140.4869)
68,tensor(92.6482),tensor(140.4646)
69,tensor(92.6261),tensor(140.4421)
70,tensor(92.5989),tensor(140.4195)
71,tensor(92.5746),tensor(140.3969)
72,tensor(92.5555),tensor(140.3739)
73,tensor(92.5232),tensor(140.3508)
74,tensor(92.4900),tensor(140.3277)
75,tensor(92.4724),tensor(140.3043)
76,tensor(92.4414),tensor(140.2809)
77,tensor(92.3985),tensor(140.2573)
78,tensor(92.4022),tensor(140.2335)
79,tensor(92.3648),tensor(140.2095)
80,tensor(92.3198),tensor(140.1855)
81,tensor(92.3078),tensor(140.1614)
82,tensor(92.2652),tensor(140.1374)
83,tensor(92.2435),tensor(140.1132)
84,tensor(92.2099),tensor(140.0889)
85,tensor(92.1797),tensor(140.0646)
86,tensor(92.1393),tensor(140.0401)
87,tensor(92.1103),tensor(140.0155)
88,tensor(92.0826),tensor(139.9906)
89,tensor(92.0684),tensor(139.9656)
90,tensor(92.0155),tensor(139.9407)
91,tensor(91.9611),tensor(139.9156)
92,tensor(91.9519),tensor(139.8903)
93,tensor(91.9184),tensor(139.8650)
94,tensor(91.8803),tensor(139.8395)
95,tensor(91.8225),tensor(139.8138)
96,tensor(91.7933),tensor(139.7880)
97,tensor(91.7496),tensor(139.7621)
98,tensor(91.7335),tensor(139.7359)
99,tensor(91.6785),tensor(139.7095)
100,tensor(91.6538),tensor(139.6828)
101,tensor(91.6008),tensor(139.6560)
102,tensor(91.5473),tensor(139.6291)
103,tensor(91.5196),tensor(139.6019)
104,tensor(91.4667),tensor(139.5747)
105,tensor(91.4299),tensor(139.5472)
106,tensor(91.3999),tensor(139.5195)
107,tensor(91.3489),tensor(139.4917)
108,tensor(91.3115),tensor(139.4638)
109,tensor(91.2821),tensor(139.4358)
110,tensor(91.2175),tensor(139.4077)
111,tensor(91.1890),tensor(139.3797)
112,tensor(91.1124),tensor(139.3515)
113,tensor(91.0898),tensor(139.3234)
114,tensor(91.0230),tensor(139.2951)
115,tensor(90.9505),tensor(139.2668)
116,tensor(90.9091),tensor(139.2385)
117,tensor(90.8670),tensor(139.2100)
118,tensor(90.8305),tensor(139.1811)
119,tensor(90.7731),tensor(139.1523)
120,tensor(90.7254),tensor(139.1235)
121,tensor(90.6711),tensor(139.0950)
122,tensor(90.5748),tensor(139.0666)
1,tensor(0.7662),tensor(1.1259)
1,tensor(0.7452),tensor(1.2573)
123,tensor(90.5448),tensor(139.0378)
1,tensor(0.8214),tensor(0.7926)
124,tensor(90.5180),tensor(139.0083)
1,tensor(0.7388),tensor(1.2817)
2,tensor(0.7661),tensor(1.1258)
125,tensor(90.4378),tensor(138.9787)
2,tensor(0.7452),tensor(1.2572)
126,tensor(90.3738),tensor(138.9493)
2,tensor(0.8216),tensor(0.7926)
1,tensor(0.7491),tensor(1.2291)
2,tensor(0.7392),tensor(1.2816)
3,tensor(0.7662),tensor(1.1258)
127,tensor(90.3213),tensor(138.9194)
3,tensor(0.7451),tensor(1.2572)
128,tensor(90.2800),tensor(138.8893)
3,tensor(0.8215),tensor(0.7926)
2,tensor(0.7493),tensor(1.2290)
4,tensor(0.7662),tensor(1.1258)
129,tensor(90.1817),tensor(138.8589)
3,tensor(0.7390),tensor(1.2816)
4,tensor(0.7450),tensor(1.2572)
4,tensor(0.8213),tensor(0.7926)
3,tensor(0.7492),tensor(1.2290)
282)
5,tensor(0.7662),tensor(1.1257)
5,tensor(0.7453),tensor(1.2571)
4,tensor(0.7392),tensor(1.2815)
131,tensor(90.0860),tensor(138.7975)
4,tensor(0.7488),tensor(1.2290)
5,tensor(0.8214),tensor(0.7926)
132,tensor(89.9969),tensor(138.7667)
6,tensor(0.7661),tensor(1.1257)
6,tensor(0.7450),tensor(1.2571)
5,tensor(0.7387),tensor(1.2815)
133,tensor(89.9227),tensor(138.7358)
5,tensor(0.7489),tensor(1.2289)
6,tensor(0.8212),tensor(0.7926)
134,tensor(89.8753),tensor(138.7047)
7,tensor(0.7661),tensor(1.1257)
7,tensor(0.7449),tensor(1.2571)
6,tensor(0.7385),tensor(1.2815)
135,tensor(89.8196),tensor(138.6739)
6,tensor(0.7488),tensor(1.2289)
7,tensor(0.8212),tensor(0.7926)
8,tensor(0.7658),tensor(1.1256)
136,tensor(89.7587),tensor(138.6429)
8,tensor(0.7449),tensor(1.2570)
7,tensor(0.7390),tensor(1.2814)
7,tensor(0.7491),tensor(1.2289)
8,tensor(0.8210),tensor(0.7925)
137,tensor(89.6944),tensor(138.6113)
9,tensor(0.7654),tensor(1.1256)
9,tensor(0.7448),tensor(1.2570)
803)
8,tensor(0.7388),tensor(1.2814)
8,tensor(0.7492),tensor(1.2288)
9,tensor(0.8206),tensor(0.7925)
139,tensor(89.5545),tensor(138.5491)
10,tensor(0.7659),tensor(1.1256)
10,tensor(0.7445),tensor(1.2570)
140,tensor(89.4451),tensor(138.5173)
9,tensor(0.7387),tensor(1.2813)
9,tensor(0.7488),tensor(1.2288)
10,tensor(0.8210),tensor(0.7925)
141,tensor(89.3830),tensor(138.4855)
11,tensor(0.7659),tensor(1.1255)
11,tensor(0.7448),tensor(1.2569)
10,tensor(0.7387),tensor(1.2813)
142,tensor(89.3350),tensor(138.4533)
11,tensor(0.8210),tensor(0.7925)
10,tensor(0.7485),tensor(1.2288)
143,tensor(89.2506),tensor(138.4213)
11,tensor(0.7388),tensor(1.2813)
11,tensor(0.7484),tensor(1.2287)
144,tensor(89.1694),tensor(138.3893)
145,tensor(89.0833),tensor(138.3571)
146,tensor(89.0014),tensor(138.3247)
147,tensor(88.9149),tensor(138.2920)
148,tensor(88.8380),tensor(138.2588)
149,tensor(88.8308),tensor(138.2250)
150,tensor(88.6953),tensor(138.1916)
151,tensor(88.5943),tensor(138.1578)
152,tensor(88.5494),tensor(138.1241)
153,tensor(88.4950),tensor(138.0892)
154,tensor(88.3512),tensor(138.0546)
155,tensor(88.3363),tensor(138.0199)
156,tensor(88.1401),tensor(137.9857)
157,tensor(88.1447),tensor(137.9522)
158,tensor(88.0532),tensor(137.9180)
159,tensor(87.9473),tensor(137.8825)
160,tensor(87.8247),tensor(137.8461)
161,tensor(87.7396),tensor(137.8101)
162,tensor(87.6870),tensor(137.7750)
163,tensor(87.6015),tensor(137.7395)
164,tensor(87.5518),tensor(137.7040)
165,tensor(87.4191),tensor(137.6685)
166,tensor(87.3267),tensor(137.6336)
167,tensor(87.2012),tensor(137.5988)
168,tensor(87.1722),tensor(137.5648)
169,tensor(87.0044),tensor(137.5299)
170,tensor(86.9628),tensor(137.4945)
171,tensor(86.9395),tensor(137.4590)
172,tensor(86.7566),tensor(137.4229)
173,tensor(86.6693),tensor(137.3864)
174,tensor(86.5102),tensor(137.3497)
175,tensor(86.4820),tensor(137.3131)
176,tensor(86.3984),tensor(137.2758)
177,tensor(86.2710),tensor(137.2383)
178,tensor(86.2296),tensor(137.2003)
179,tensor(86.1049),tensor(137.1628)
180,tensor(85.9635),tensor(137.1257)
181,tensor(85.9560),tensor(137.0891)
182,tensor(85.8116),tensor(137.0538)
183,tensor(85.7041),tensor(137.0183)
184,tensor(85.5833),tensor(136.9827)
185,tensor(85.4464),tensor(136.9470)
186,tensor(85.3706),tensor(136.9101)
187,tensor(85.2796),tensor(136.8718)
188,tensor(85.1902),tensor(136.8330)
189,tensor(85.0560),tensor(136.7937)
190,tensor(84.9557),tensor(136.7539)
191,tensor(84.8594),tensor(136.7138)
192,tensor(84.7491),tensor(136.6729)
193,tensor(84.5941),tensor(136.6322)
194,tensor(84.5945),tensor(136.5913)
195,tensor(84.5105),tensor(136.5515)
196,tensor(84.2625),tensor(136.5115)
197,tensor(84.2348),tensor(136.4717)
198,tensor(84.0926),tensor(136.4332)
199,tensor(84.0460),tensor(136.3952)
200,tensor(83.8894),tensor(136.3568)
201,tensor(83.8757),tensor(136.3179)
202,tensor(83.7723),tensor(136.2797)
203,tensor(83.6341),tensor(136.2427)
204,tensor(83.5482),tensor(136.2052)
205,tensor(83.3676),tensor(136.1677)
206,tensor(83.2583),tensor(136.1288)
207,tensor(83.1851),tensor(136.0906)
208,tensor(83.0128),tensor(136.0515)
209,tensor(82.9801),tensor(136.0117)
210,tensor(82.8834),tensor(135.9703)
211,tensor(82.8150),tensor(135.9283)
212,tensor(82.6498),tensor(135.8866)
213,tensor(82.5662),tensor(135.8463)
214,tensor(82.5144),tensor(135.8048)
215,tensor(82.3184),tensor(135.7629)
216,tensor(82.2326),tensor(135.7211)
217,tensor(82.1270),tensor(135.6805)
218,tensor(82.0481),tensor(135.6400)
219,tensor(81.9159),tensor(135.5992)
220,tensor(81.7479),tensor(135.5596)
221,tensor(81.7106),tensor(135.5199)
222,tensor(81.5966),tensor(135.4795)
223,tensor(81.5036),tensor(135.4399)
224,tensor(81.3597),tensor(135.4003)
225,tensor(81.3221),tensor(135.3594)
226,tensor(81.1724),tensor(135.3206)
227,tensor(81.0090),tensor(135.2831)
228,tensor(80.9288),tensor(135.2462)
229,tensor(80.8623),tensor(135.2085)
230,tensor(80.7567),tensor(135.1709)
231,tensor(80.6518),tensor(135.1336)
232,tensor(80.5619),tensor(135.0952)
233,tensor(80.4857),tensor(135.0547)
234,tensor(80.3936),tensor(135.0137)
235,tensor(80.2634),tensor(134.9722)
236,tensor(80.1228),tensor(134.9301)
237,tensor(80.0991),tensor(134.8904)
238,tensor(79.8865),tensor(134.8518)
239,tensor(79.8811),tensor(134.8137)
240,tensor(79.6546),tensor(134.7747)
241,tensor(79.6320),tensor(134.7355)
242,tensor(79.5241),tensor(134.6960)
243,tensor(79.4105),tensor(134.6546)
244,tensor(79.3229),tensor(134.6118)
245,tensor(79.2273),tensor(134.5694)
246,tensor(79.0687),tensor(134.5274)
247,tensor(79.0332),tensor(134.4885)
248,tensor(78.9129),tensor(134.4519)
249,tensor(78.8158),tensor(134.4154)
250,tensor(78.6906),tensor(134.3790)
251,tensor(78.5892),tensor(134.3415)
252,tensor(78.5765),tensor(134.3053)
253,tensor(78.3791),tensor(134.2702)
254,tensor(78.2784),tensor(134.2340)
255,tensor(78.1823),tensor(134.1993)
256,tensor(78.1698),tensor(134.1617)
257,tensor(77.9932),tensor(134.1241)
258,tensor(77.8776),tensor(134.0855)
259,tensor(77.9353),tensor(134.0477)
260,tensor(77.7123),tensor(134.0095)
261,tensor(77.7310),tensor(133.9708)
262,tensor(77.5819),tensor(133.9327)
263,tensor(77.3786),tensor(133.8958)
264,tensor(77.3478),tensor(133.8604)
265,tensor(77.3091),tensor(133.8256)
266,tensor(77.1813),tensor(133.7878)
267,tensor(77.1221),tensor(133.7507)
268,tensor(77.0460),tensor(133.7147)
269,tensor(76.9334),tensor(133.6791)
270,tensor(76.8343),tensor(133.6420)
271,tensor(76.7807),tensor(133.6041)
272,tensor(76.6700),tensor(133.5663)
273,tensor(76.5350),tensor(133.5326)
274,tensor(76.4505),tensor(133.4987)
275,tensor(76.4309),tensor(133.4619)
276,tensor(76.2468),tensor(133.4220)
277,tensor(76.2162),tensor(133.3844)
278,tensor(76.0309),tensor(133.3486)
279,tensor(75.9672),tensor(133.3130)
280,tensor(75.9452),tensor(133.2789)
281,tensor(75.8228),tensor(133.2445)
282,tensor(75.7129),tensor(133.2092)
283,tensor(75.6067),tensor(133.1734)
284,tensor(75.6152),tensor(133.1385)
285,tensor(75.4951),tensor(133.1040)
286,tensor(75.3743),tensor(133.0680)
287,tensor(75.3363),tensor(133.0366)
288,tensor(75.1855),tensor(133.0036)
289,tensor(75.1693),tensor(132.9733)
290,tensor(75.0328),tensor(132.9397)
291,tensor(75.0393),tensor(132.9066)
292,tensor(74.8732),tensor(132.8717)
293,tensor(74.8354),tensor(132.8363)
294,tensor(74.7728),tensor(132.8036)
295,tensor(74.6369),tensor(132.7686)
296,tensor(74.5808),tensor(132.7339)
297,tensor(74.4718),tensor(132.6992)
298,tensor(74.3102),tensor(132.6687)
299,tensor(74.3387),tensor(132.6398)
300,tensor(74.2358),tensor(132.6098)
301,tensor(74.1291),tensor(132.5804)
302,tensor(74.0651),tensor(132.5494)
303,tensor(73.9944),tensor(132.5147)
304,tensor(73.8973),tensor(132.4834)
305,tensor(73.8850),tensor(132.4505)
306,tensor(73.7307),tensor(132.4193)
307,tensor(73.7179),tensor(132.3872)
308,tensor(73.5583),tensor(132.3552)
309,tensor(73.5549),tensor(132.3217)
310,tensor(73.3786),tensor(132.2882)
311,tensor(73.3632),tensor(132.2513)
312,tensor(73.2551),tensor(132.2157)
313,tensor(73.1737),tensor(132.1797)
314,tensor(73.1383),tensor(132.1418)
315,tensor(73.0784),tensor(132.1077)
316,tensor(72.9786),tensor(132.0748)
317,tensor(72.8791),tensor(132.0436)
318,tensor(72.8520),tensor(132.0111)
319,tensor(72.7188),tensor(131.9788)
320,tensor(72.7066),tensor(131.9439)
321,tensor(72.5300),tensor(131.9105)
322,tensor(72.4562),tensor(131.8776)
323,tensor(72.4327),tensor(131.8442)
324,tensor(72.3384),tensor(131.8120)
325,tensor(72.2866),tensor(131.7772)
326,tensor(72.2298),tensor(131.7429)
327,tensor(72.0918),tensor(131.7096)
328,tensor(72.0730),tensor(131.6774)
329,tensor(71.9745),tensor(131.6475)
330,tensor(71.8761),tensor(131.6183)
331,tensor(71.8404),tensor(131.5863)
332,tensor(71.7604),tensor(131.5559)
333,tensor(71.7597),tensor(131.5261)
334,tensor(71.6089),tensor(131.4940)
335,tensor(71.5968),tensor(131.4612)
336,tensor(71.5036),tensor(131.4282)
337,tensor(71.4212),tensor(131.3974)
338,tensor(71.3450),tensor(131.3654)
339,tensor(71.2139),tensor(131.3322)
340,tensor(71.2031),tensor(131.3024)
341,tensor(71.0606),tensor(131.2727)
342,tensor(70.9770),tensor(131.2421)
343,tensor(70.9253),tensor(131.2137)
344,tensor(70.8689),tensor(131.1860)
345,tensor(70.8652),tensor(131.1587)
346,tensor(70.7129),tensor(131.1344)
347,tensor(70.7419),tensor(131.1076)
348,tensor(70.5613),tensor(131.0747)
349,tensor(70.5402),tensor(131.0427)
350,tensor(70.4567),tensor(131.0145)
351,tensor(70.4455),tensor(130.9837)
352,tensor(70.3215),tensor(130.9532)
353,tensor(70.2245),tensor(130.9240)
354,tensor(70.2175),tensor(130.8939)
355,tensor(70.1657),tensor(130.8617)
356,tensor(70.0314),tensor(130.8292)
357,tensor(70.0394),tensor(130.7975)
358,tensor(69.9367),tensor(130.7679)
359,tensor(69.7848),tensor(130.7399)
360,tensor(69.7749),tensor(130.7101)
361,tensor(69.7254),tensor(130.6821)
362,tensor(69.6589),tensor(130.6555)
363,tensor(69.5706),tensor(130.6285)
364,tensor(69.5909),tensor(130.6025)
365,tensor(69.4518),tensor(130.5758)
366,tensor(69.4719),tensor(130.5508)
367,tensor(69.3269),tensor(130.5271)
368,tensor(69.2778),tensor(130.4999)
369,tensor(69.1790),tensor(130.4719)
370,tensor(69.1205),tensor(130.4429)
371,tensor(69.0109),tensor(130.4131)
372,tensor(69.0495),tensor(130.3837)
373,tensor(68.9453),tensor(130.3541)
374,tensor(68.8606),tensor(130.3231)
375,tensor(68.7850),tensor(130.2923)
376,tensor(68.7094),tensor(130.2635)
377,tensor(68.7466),tensor(130.2354)
378,tensor(68.6280),tensor(130.2096)
379,tensor(68.5639),tensor(130.1821)
380,tensor(68.4691),tensor(130.1548)
381,tensor(68.4396),tensor(130.1288)
382,tensor(68.3704),tensor(130.1074)
383,tensor(68.2600),tensor(130.0875)
384,tensor(68.2567),tensor(130.0678)
385,tensor(68.1564),tensor(130.0509)
386,tensor(68.0650),tensor(130.0311)
387,tensor(68.0407),tensor(130.0090)
388,tensor(68.0333),tensor(129.9839)
389,tensor(67.9638),tensor(129.9569)
390,tensor(67.8372),tensor(129.9331)
391,tensor(67.7616),tensor(129.9096)
392,tensor(67.6975),tensor(129.8870)
393,tensor(67.6806),tensor(129.8623)
394,tensor(67.6558),tensor(129.8360)
395,tensor(67.5457),tensor(129.8123)
396,tensor(67.5139),tensor(129.7911)
397,tensor(67.4365),tensor(129.7675)
398,tensor(67.4188),tensor(129.7457)
399,tensor(67.3001),tensor(129.7190)
400,tensor(67.2630),tensor(129.6904)
401,tensor(67.2103),tensor(129.6576)
402,tensor(67.1358),tensor(129.6246)
403,tensor(67.0906),tensor(129.5959)
404,tensor(67.0671),tensor(129.5705)
405,tensor(67.0000),tensor(129.5412)
406,tensor(66.9355),tensor(129.5090)
407,tensor(66.8903),tensor(129.4781)
408,tensor(66.8238),tensor(129.4489)
409,tensor(66.8244),tensor(129.4222)
410,tensor(66.7082),tensor(129.3964)
411,tensor(66.7027),tensor(129.3724)
412,tensor(66.5609),tensor(129.3480)
413,tensor(66.5559),tensor(129.3235)
414,tensor(66.4747),tensor(129.2994)
415,tensor(66.4374),tensor(129.2758)
416,tensor(66.2946),tensor(129.2496)
417,tensor(66.3340),tensor(129.2229)
418,tensor(66.2692),tensor(129.1968)
419,tensor(66.1387),tensor(129.1714)
420,tensor(66.2215),tensor(129.1452)
421,tensor(66.0372),tensor(129.1195)
422,tensor(66.0242),tensor(129.0900)
423,tensor(65.9502),tensor(129.0633)
424,tensor(65.9121),tensor(129.0349)
425,tensor(65.8779),tensor(129.0084)
426,tensor(65.8068),tensor(128.9815)
427,tensor(65.7272),tensor(128.9566)
428,tensor(65.6418),tensor(128.9326)
429,tensor(65.6364),tensor(128.9090)
430,tensor(65.6189),tensor(128.8817)
431,tensor(65.5629),tensor(128.8526)
432,tensor(65.4996),tensor(128.8257)
433,tensor(65.4562),tensor(128.8027)
434,tensor(65.3758),tensor(128.7794)
435,tensor(65.3794),tensor(128.7581)
436,tensor(65.3391),tensor(128.7370)
437,tensor(65.1947),tensor(128.7115)
438,tensor(65.2025),tensor(128.6879)
439,tensor(65.1044),tensor(128.6667)
440,tensor(65.0137),tensor(128.6482)
441,tensor(65.0157),tensor(128.6286)
442,tensor(64.9393),tensor(128.6120)
443,tensor(64.8728),tensor(128.5920)
444,tensor(64.7857),tensor(128.5683)
445,tensor(64.7497),tensor(128.5481)
446,tensor(64.7958),tensor(128.5269)
447,tensor(64.7824),tensor(128.4997)
448,tensor(64.6477),tensor(128.4723)
449,tensor(64.5741),tensor(128.4509)
450,tensor(64.5566),tensor(128.4297)
451,tensor(64.4694),tensor(128.4067)
452,tensor(64.4942),tensor(128.3867)
453,tensor(64.4350),tensor(128.3705)
454,tensor(64.3559),tensor(128.3477)
455,tensor(64.2983),tensor(128.3230)
456,tensor(64.3483),tensor(128.2960)
457,tensor(64.2387),tensor(128.2675)
458,tensor(64.1353),tensor(128.2421)
459,tensor(64.0790),tensor(128.2141)
460,tensor(63.9857),tensor(128.1885)
461,tensor(64.0422),tensor(128.1620)
462,tensor(63.9859),tensor(128.1339)
463,tensor(63.9566),tensor(128.1056)
464,tensor(63.9351),tensor(128.0763)
465,tensor(63.8450),tensor(128.0457)
466,tensor(63.7710),tensor(128.0154)
467,tensor(63.7555),tensor(127.9896)
468,tensor(63.7089),tensor(127.9696)
469,tensor(63.6298),tensor(127.9524)
470,tensor(63.5782),tensor(127.9363)
471,tensor(63.5420),tensor(127.9205)
472,tensor(63.4538),tensor(127.9060)
473,tensor(63.4429),tensor(127.8917)
474,tensor(63.4292),tensor(127.8784)
475,tensor(63.3562),tensor(127.8621)
476,tensor(63.3220),tensor(127.8447)
477,tensor(63.2761),tensor(127.8267)
478,tensor(63.2603),tensor(127.8078)
479,tensor(63.1680),tensor(127.7891)
480,tensor(63.1431),tensor(127.7712)
481,tensor(63.0773),tensor(127.7486)
482,tensor(63.0099),tensor(127.7256)
483,tensor(63.0215),tensor(127.7026)
484,tensor(62.9393),tensor(127.6794)
485,tensor(62.8917),tensor(127.6566)
486,tensor(62.8788),tensor(127.6321)
487,tensor(62.8337),tensor(127.6090)
488,tensor(62.8372),tensor(127.5869)
489,tensor(62.7086),tensor(127.5626)
490,tensor(62.6418),tensor(127.5352)
491,tensor(62.6469),tensor(127.5132)
492,tensor(62.5846),tensor(127.4931)
493,tensor(62.5742),tensor(127.4749)
494,tensor(62.4789),tensor(127.4579)
495,tensor(62.4973),tensor(127.4378)
496,tensor(62.4257),tensor(127.4197)
497,tensor(62.3639),tensor(127.3971)
498,tensor(62.2985),tensor(127.3761)
499,tensor(62.2769),tensor(127.3578)
500,tensor(62.2675),tensor(127.3396)
501,tensor(62.2236),tensor(127.3203)
502,tensor(62.0967),tensor(127.2996)
503,tensor(62.1441),tensor(127.2752)
504,tensor(62.0765),tensor(127.2521)
505,tensor(62.0777),tensor(127.2306)
506,tensor(61.9930),tensor(127.2162)
507,tensor(61.9757),tensor(127.1983)
508,tensor(61.8812),tensor(127.1781)
509,tensor(61.8482),tensor(127.1569)
510,tensor(61.8868),tensor(127.1369)
511,tensor(61.8398),tensor(127.1225)
512,tensor(61.7920),tensor(127.1048)
513,tensor(61.6882),tensor(127.0876)
514,tensor(61.7125),tensor(127.0733)
515,tensor(61.6139),tensor(127.0586)
516,tensor(61.6284),tensor(127.0400)
517,tensor(61.5715),tensor(127.0193)
518,tensor(61.4959),tensor(127.0002)
519,tensor(61.4794),tensor(126.9850)
520,tensor(61.4836),tensor(126.9742)
521,tensor(61.4434),tensor(126.9650)
522,tensor(61.4072),tensor(126.9520)
523,tensor(61.3011),tensor(126.9297)
524,tensor(61.2543),tensor(126.9089)
525,tensor(61.2984),tensor(126.8879)
526,tensor(61.2206),tensor(126.8680)
527,tensor(61.2071),tensor(126.8477)
528,tensor(61.1671),tensor(126.8228)
529,tensor(61.1052),tensor(126.7938)
530,tensor(61.0097),tensor(126.7686)
531,tensor(61.0576),tensor(126.7477)
532,tensor(60.9409),tensor(126.7314)
533,tensor(60.9895),tensor(126.7158)
534,tensor(60.9125),tensor(126.6943)
535,tensor(60.9028),tensor(126.6729)
536,tensor(60.8448),tensor(126.6500)
537,tensor(60.7714),tensor(126.6304)
538,tensor(60.7407),tensor(126.6129)
539,tensor(60.7029),tensor(126.5987)
540,tensor(60.6881),tensor(126.5858)
541,tensor(60.6006),tensor(126.5795)
542,tensor(60.5938),tensor(126.5763)
543,tensor(60.6679),tensor(126.5656)
544,tensor(60.5538),tensor(126.5539)
545,tensor(60.5478),tensor(126.5420)
546,tensor(60.4695),tensor(126.5356)
547,tensor(60.4732),tensor(126.5269)
548,tensor(60.4346),tensor(126.5084)
549,tensor(60.4018),tensor(126.4867)
550,tensor(60.3865),tensor(126.4671)
